sec-acquiring-disk-image-with-dd-and-dcfldd	mutfak-security-forensics
sec-analyzing-active-directory-acl-abuse	mutfak-security-defense
sec-analyzing-android-malware-with-apktool	mutfak-security-forensics
sec-analyzing-api-gateway-access-logs	mutfak-security-detection
sec-analyzing-apt-group-with-mitre-navigator	mutfak-security-intel
sec-analyzing-azure-activity-logs-for-threats	mutfak-security-detection
sec-analyzing-bootkit-and-rootkit-samples	mutfak-security-forensics
sec-analyzing-browser-forensics-with-hindsight	mutfak-security-forensics
sec-analyzing-campaign-attribution-evidence	mutfak-security-intel
sec-analyzing-certificate-transparency-for-phishing	mutfak-security-intel
sec-analyzing-cloud-storage-access-patterns	mutfak-security-defense
sec-analyzing-cobalt-strike-beacon-configuration	mutfak-security-forensics
sec-analyzing-cobaltstrike-malleable-c2-profiles	mutfak-security-forensics
sec-analyzing-command-and-control-communication	mutfak-security-defense
sec-analyzing-cyber-kill-chain	mutfak-security-defense
sec-analyzing-disk-image-with-autopsy	mutfak-security-forensics
sec-analyzing-dns-logs-for-exfiltration	mutfak-security-detection
sec-analyzing-docker-container-forensics	mutfak-security-forensics
sec-analyzing-email-headers-for-phishing-investigation	mutfak-security-defense
sec-analyzing-ethereum-smart-contract-vulnerabilities	mutfak-security-defense
sec-analyzing-golang-malware-with-ghidra	mutfak-security-forensics
sec-analyzing-heap-spray-exploitation	mutfak-security-offensive
sec-analyzing-indicators-of-compromise	mutfak-security-intel
sec-analyzing-ios-app-security-with-objection	mutfak-security-forensics
sec-analyzing-kubernetes-audit-logs	mutfak-security-detection
sec-analyzing-linux-audit-logs-for-intrusion	mutfak-security-detection
sec-analyzing-linux-elf-malware	mutfak-security-forensics
sec-analyzing-linux-kernel-rootkits	mutfak-security-forensics
sec-analyzing-linux-system-artifacts	mutfak-security-forensics
sec-analyzing-lnk-file-and-jump-list-artifacts	mutfak-security-forensics
sec-analyzing-macro-malware-in-office-documents	mutfak-security-forensics
sec-analyzing-malicious-pdf-with-peepdf	mutfak-security-forensics
sec-analyzing-malicious-url-with-urlscan	mutfak-security-forensics
sec-analyzing-malware-behavior-with-cuckoo-sandbox	mutfak-security-forensics
sec-analyzing-malware-family-relationships-with-malpedia	mutfak-security-forensics
sec-analyzing-malware-persistence-with-autoruns	mutfak-security-forensics
sec-analyzing-malware-sandbox-evasion-techniques	mutfak-security-forensics
sec-analyzing-memory-dumps-with-volatility	mutfak-security-forensics
sec-analyzing-memory-forensics-with-lime-and-volatility	mutfak-security-forensics
sec-analyzing-mft-for-deleted-file-recovery	mutfak-security-forensics
sec-analyzing-network-covert-channels-in-malware	mutfak-security-forensics
sec-analyzing-network-flow-data-with-netflow	mutfak-security-detection
sec-analyzing-network-packets-with-scapy	mutfak-security-defense
sec-analyzing-network-traffic-for-incidents	mutfak-security-detection
sec-analyzing-network-traffic-of-malware	mutfak-security-forensics
sec-analyzing-network-traffic-with-wireshark	mutfak-security-defense
sec-analyzing-office365-audit-logs-for-compromise	mutfak-security-detection
sec-analyzing-outlook-pst-for-email-forensics	mutfak-security-forensics
sec-analyzing-packed-malware-with-upx-unpacker	mutfak-security-forensics
sec-analyzing-pdf-malware-with-pdfid	mutfak-security-forensics
sec-analyzing-persistence-mechanisms-in-linux	mutfak-security-defense
sec-analyzing-powershell-empire-artifacts	mutfak-security-forensics
sec-analyzing-powershell-script-block-logging	mutfak-security-detection
sec-analyzing-prefetch-files-for-execution-history	mutfak-security-forensics
sec-analyzing-ransomware-encryption-mechanisms	mutfak-security-forensics
sec-analyzing-ransomware-leak-site-intelligence	mutfak-security-defense
sec-analyzing-ransomware-network-indicators	mutfak-security-forensics
sec-analyzing-ransomware-payment-wallets	mutfak-security-forensics
sec-analyzing-sbom-for-supply-chain-vulnerabilities	mutfak-security-defense
sec-analyzing-security-logs-with-splunk	mutfak-security-detection
sec-analyzing-slack-space-and-file-system-artifacts	mutfak-security-forensics
sec-analyzing-supply-chain-malware-artifacts	mutfak-security-forensics
sec-analyzing-threat-actor-ttps-with-mitre-attack	mutfak-security-intel
sec-analyzing-threat-actor-ttps-with-mitre-navigator	mutfak-security-intel
sec-analyzing-threat-intelligence-feeds	mutfak-security-intel
sec-analyzing-threat-landscape-with-misp	mutfak-security-intel
sec-analyzing-tls-certificate-transparency-logs	mutfak-security-intel
sec-analyzing-typosquatting-domains-with-dnstwist	mutfak-security-intel
sec-analyzing-uefi-bootkit-persistence	mutfak-security-forensics
sec-analyzing-usb-device-connection-history	mutfak-security-forensics
sec-analyzing-web-server-logs-for-intrusion	mutfak-security-detection
sec-analyzing-windows-amcache-artifacts	mutfak-security-forensics
sec-analyzing-windows-event-logs-in-splunk	mutfak-security-detection
sec-analyzing-windows-lnk-files-for-artifacts	mutfak-security-forensics
sec-analyzing-windows-prefetch-with-python	mutfak-security-forensics
sec-analyzing-windows-registry-for-artifacts	mutfak-security-forensics
sec-analyzing-windows-shellbag-artifacts	mutfak-security-forensics
sec-auditing-aws-s3-bucket-permissions	mutfak-security-grc
sec-auditing-azure-active-directory-configuration	mutfak-security-grc
sec-auditing-cloud-with-cis-benchmarks	mutfak-security-grc
sec-auditing-gcp-iam-permissions	mutfak-security-grc
sec-auditing-kubernetes-cluster-rbac	mutfak-security-grc
sec-auditing-terraform-infrastructure-for-security	mutfak-security-grc
sec-auditing-tls-certificate-transparency-logs	mutfak-security-grc
sec-automating-ioc-enrichment	mutfak-security-intel
sec-building-adversary-infrastructure-tracking-system	mutfak-security-intel
sec-building-attack-pattern-library-from-cti-reports	mutfak-security-intel
sec-building-automated-malware-submission-pipeline	mutfak-security-forensics
sec-building-c2-infrastructure-with-sliver-framework	mutfak-security-offensive
sec-building-cloud-siem-with-sentinel	mutfak-security-detection
sec-building-detection-rule-with-splunk-spl	mutfak-security-detection
sec-building-detection-rules-with-sigma	mutfak-security-detection
sec-building-devsecops-pipeline-with-gitlab-ci	mutfak-security-defense
sec-building-identity-federation-with-saml-azure-ad	mutfak-security-defense
sec-building-identity-governance-lifecycle-process	mutfak-security-grc
sec-building-incident-response-dashboard	mutfak-security-grc
sec-building-incident-response-playbook	mutfak-security-grc
sec-building-incident-timeline-with-timesketch	mutfak-security-forensics
sec-building-ioc-defanging-and-sharing-pipeline	mutfak-security-intel
sec-building-ioc-enrichment-pipeline-with-opencti	mutfak-security-intel
sec-building-malware-incident-communication-template	mutfak-security-forensics
sec-building-patch-tuesday-response-process	mutfak-security-defense
sec-building-phishing-reporting-button-workflow	mutfak-security-defense
sec-building-ransomware-playbook-with-cisa-framework	mutfak-security-grc
sec-building-red-team-c2-infrastructure-with-havoc	mutfak-security-offensive
sec-building-role-mining-for-rbac-optimization	mutfak-security-defense
sec-building-soc-escalation-matrix	mutfak-security-detection
sec-building-soc-metrics-and-kpi-tracking	mutfak-security-detection
sec-building-soc-playbook-for-ransomware	mutfak-security-detection
sec-building-threat-actor-profile-from-osint	mutfak-security-intel
sec-building-threat-feed-aggregation-with-misp	mutfak-security-intel
sec-building-threat-hunt-hypothesis-framework	mutfak-security-intel
sec-building-threat-intelligence-enrichment-in-splunk	mutfak-security-intel
sec-building-threat-intelligence-feed-integration	mutfak-security-intel
sec-building-threat-intelligence-platform	mutfak-security-intel
sec-building-vulnerability-aging-and-sla-tracking	mutfak-security-grc
sec-building-vulnerability-dashboard-with-defectdojo	mutfak-security-grc
sec-building-vulnerability-exception-tracking-system	mutfak-security-grc
sec-building-vulnerability-scanning-workflow	mutfak-security-grc
sec-bypassing-authentication-with-forced-browsing	mutfak-security-offensive
sec-collecting-indicators-of-compromise	mutfak-security-intel
sec-collecting-open-source-intelligence	mutfak-security-intel
sec-collecting-threat-intelligence-with-misp	mutfak-security-intel
sec-collecting-volatile-evidence-from-compromised-host	mutfak-security-forensics
sec-conducting-api-security-testing	mutfak-security-offensive
sec-conducting-cloud-incident-response	mutfak-security-offensive
sec-conducting-cloud-penetration-testing	mutfak-security-offensive
sec-conducting-domain-persistence-with-dcsync	mutfak-security-offensive
sec-conducting-external-reconnaissance-with-osint	mutfak-security-intel
sec-conducting-full-scope-red-team-engagement	mutfak-security-offensive
sec-conducting-internal-network-penetration-test	mutfak-security-offensive
sec-conducting-internal-reconnaissance-with-bloodhound-ce	mutfak-security-offensive
sec-conducting-malware-incident-response	mutfak-security-forensics
sec-conducting-man-in-the-middle-attack-simulation	mutfak-security-offensive
sec-conducting-memory-forensics-with-volatility	mutfak-security-forensics
sec-conducting-mobile-app-penetration-test	mutfak-security-offensive
sec-conducting-network-penetration-test	mutfak-security-offensive
sec-conducting-pass-the-ticket-attack	mutfak-security-offensive
sec-conducting-phishing-incident-response	mutfak-security-offensive
sec-conducting-post-incident-lessons-learned	mutfak-security-offensive
sec-conducting-social-engineering-penetration-test	mutfak-security-detection
sec-conducting-social-engineering-pretext-call	mutfak-security-detection
sec-conducting-spearphishing-simulation-campaign	mutfak-security-offensive
sec-conducting-wireless-network-penetration-test	mutfak-security-offensive
sec-configuring-active-directory-tiered-model	mutfak-security-defense
sec-configuring-aws-verified-access-for-ztna	mutfak-security-defense
sec-configuring-certificate-authority-with-openssl	mutfak-security-defense
sec-configuring-host-based-intrusion-detection	mutfak-security-defense
sec-configuring-hsm-for-key-storage	mutfak-security-defense
sec-configuring-identity-aware-proxy-with-google-iap	mutfak-security-defense
sec-configuring-ldap-security-hardening	mutfak-security-defense
sec-configuring-microsegmentation-for-zero-trust	mutfak-security-defense
sec-configuring-multi-factor-authentication-with-duo	mutfak-security-defense
sec-configuring-network-segmentation-with-vlans	mutfak-security-defense
sec-configuring-oauth2-authorization-flow	mutfak-security-defense
sec-configuring-pfsense-firewall-rules	mutfak-security-defense
sec-configuring-snort-ids-for-intrusion-detection	mutfak-security-defense
sec-configuring-suricata-for-network-monitoring	mutfak-security-defense
sec-configuring-tls-1-3-for-secure-communications	mutfak-security-defense
sec-configuring-windows-defender-advanced-settings	mutfak-security-defense
sec-configuring-windows-event-logging-for-detection	mutfak-security-defense
sec-configuring-zscaler-private-access-for-ztna	mutfak-security-defense
sec-containing-active-breach	mutfak-security-grc
sec-correlating-security-events-in-qradar	mutfak-security-detection
sec-correlating-threat-campaigns	mutfak-security-detection
sec-deobfuscating-javascript-malware	mutfak-security-forensics
sec-deobfuscating-powershell-obfuscated-malware	mutfak-security-forensics
sec-deploying-active-directory-honeytokens	mutfak-security-defense
sec-deploying-cloudflare-access-for-zero-trust	mutfak-security-defense
sec-deploying-decoy-files-for-ransomware-detection	mutfak-security-defense
sec-deploying-edr-agent-with-crowdstrike	mutfak-security-defense
sec-deploying-osquery-for-endpoint-monitoring	mutfak-security-defense
sec-deploying-palo-alto-prisma-access-zero-trust	mutfak-security-defense
sec-deploying-ransomware-canary-files	mutfak-security-defense
sec-deploying-software-defined-perimeter	mutfak-security-defense
sec-deploying-tailscale-for-zero-trust-vpn	mutfak-security-defense
sec-detecting-ai-model-prompt-injection-attacks	mutfak-security-detection
sec-detecting-anomalies-in-industrial-control-systems	mutfak-security-detection
sec-detecting-anomalous-authentication-patterns	mutfak-security-detection
sec-detecting-api-enumeration-attacks	mutfak-security-detection
sec-detecting-arp-poisoning-in-network-traffic	mutfak-security-detection
sec-detecting-attacks-on-historian-servers	mutfak-security-detection
sec-detecting-attacks-on-scada-systems	mutfak-security-detection
sec-detecting-aws-cloudtrail-anomalies	mutfak-security-detection
sec-detecting-aws-credential-exposure-with-trufflehog	mutfak-security-detection
sec-detecting-aws-guardduty-findings-automation	mutfak-security-detection
sec-detecting-aws-iam-privilege-escalation	mutfak-security-detection
sec-detecting-azure-lateral-movement	mutfak-security-detection
sec-detecting-azure-service-principal-abuse	mutfak-security-detection
sec-detecting-azure-storage-account-misconfigurations	mutfak-security-detection
sec-detecting-beaconing-patterns-with-zeek	mutfak-security-detection
sec-detecting-bluetooth-low-energy-attacks	mutfak-security-detection
sec-detecting-broken-object-property-level-authorization	mutfak-security-detection
sec-detecting-business-email-compromise	mutfak-security-detection
sec-detecting-business-email-compromise-with-ai	mutfak-security-detection
sec-detecting-cloud-threats-with-guardduty	mutfak-security-detection
sec-detecting-command-and-control-over-dns	mutfak-security-detection
sec-detecting-compromised-cloud-credentials	mutfak-security-detection
sec-detecting-container-drift-at-runtime	mutfak-security-detection
sec-detecting-container-escape-attempts	mutfak-security-detection
sec-detecting-container-escape-with-falco-rules	mutfak-security-detection
sec-detecting-credential-dumping-techniques	mutfak-security-detection
sec-detecting-cryptomining-in-cloud	mutfak-security-detection
sec-detecting-dcsync-attack-in-active-directory	mutfak-security-detection
sec-detecting-deepfake-audio-in-vishing-attacks	mutfak-security-detection
sec-detecting-dll-sideloading-attacks	mutfak-security-detection
sec-detecting-dnp3-protocol-anomalies	mutfak-security-detection
sec-detecting-dns-exfiltration-with-dns-query-analysis	mutfak-security-detection
sec-detecting-email-account-compromise	mutfak-security-detection
sec-detecting-email-forwarding-rules-attack	mutfak-security-detection
sec-detecting-evasion-techniques-in-endpoint-logs	mutfak-security-detection
sec-detecting-exfiltration-over-dns-with-zeek	mutfak-security-detection
sec-detecting-fileless-attacks-on-endpoints	mutfak-security-detection
sec-detecting-fileless-malware-techniques	mutfak-security-detection
sec-detecting-golden-ticket-attacks-in-kerberos-logs	mutfak-security-detection
sec-detecting-golden-ticket-forgery	mutfak-security-detection
sec-detecting-insider-data-exfiltration-via-dlp	mutfak-security-detection
sec-detecting-insider-threat-behaviors	mutfak-security-detection
sec-detecting-insider-threat-with-ueba	mutfak-security-detection
sec-detecting-kerberoasting-attacks	mutfak-security-detection
sec-detecting-lateral-movement-in-network	mutfak-security-detection
sec-detecting-lateral-movement-with-splunk	mutfak-security-detection
sec-detecting-lateral-movement-with-zeek	mutfak-security-detection
sec-detecting-living-off-the-land-attacks	mutfak-security-detection
sec-detecting-living-off-the-land-with-lolbas	mutfak-security-detection
sec-detecting-malicious-scheduled-tasks-with-sysmon	mutfak-security-detection
sec-detecting-mimikatz-execution-patterns	mutfak-security-detection
sec-detecting-misconfigured-azure-storage	mutfak-security-detection
sec-detecting-mobile-malware-behavior	mutfak-security-detection
sec-detecting-modbus-command-injection-attacks	mutfak-security-detection
sec-detecting-modbus-protocol-anomalies	mutfak-security-detection
sec-detecting-network-anomalies-with-zeek	mutfak-security-detection
sec-detecting-network-scanning-with-ids-signatures	mutfak-security-detection
sec-detecting-ntlm-relay-with-event-correlation	mutfak-security-detection
sec-detecting-oauth-token-theft	mutfak-security-detection
sec-detecting-pass-the-hash-attacks	mutfak-security-detection
sec-detecting-pass-the-ticket-attacks	mutfak-security-detection
sec-detecting-port-scanning-with-fail2ban	mutfak-security-detection
sec-detecting-privilege-escalation-attempts	mutfak-security-detection
sec-detecting-privilege-escalation-in-kubernetes-pods	mutfak-security-detection
sec-detecting-process-hollowing-technique	mutfak-security-detection
sec-detecting-process-injection-techniques	mutfak-security-detection
sec-detecting-qr-code-phishing-with-email-security	mutfak-security-detection
sec-detecting-ransomware-encryption-behavior	mutfak-security-detection
sec-detecting-ransomware-precursors-in-network	mutfak-security-detection
sec-detecting-rdp-brute-force-attacks	mutfak-security-detection
sec-detecting-rootkit-activity	mutfak-security-detection
sec-detecting-s3-data-exfiltration-attempts	mutfak-security-detection
sec-detecting-serverless-function-injection	mutfak-security-detection
sec-detecting-service-account-abuse	mutfak-security-detection
sec-detecting-shadow-api-endpoints	mutfak-security-detection
sec-detecting-shadow-it-cloud-usage	mutfak-security-detection
sec-detecting-spearphishing-with-email-gateway	mutfak-security-detection
sec-detecting-sql-injection-via-waf-logs	mutfak-security-detection
sec-detecting-stuxnet-style-attacks	mutfak-security-detection
sec-detecting-supply-chain-attacks-in-ci-cd	mutfak-security-detection
sec-detecting-suspicious-oauth-application-consent	mutfak-security-detection
sec-detecting-suspicious-powershell-execution	mutfak-security-detection
sec-detecting-t1003-credential-dumping-with-edr	mutfak-security-detection
sec-detecting-t1055-process-injection-with-sysmon	mutfak-security-detection
sec-detecting-t1548-abuse-elevation-control-mechanism	mutfak-security-detection
sec-detecting-typosquatting-packages-in-npm-pypi	mutfak-security-detection
sec-detecting-wmi-persistence	mutfak-security-detection
sec-eradicating-malware-from-infected-systems	mutfak-security-forensics
sec-evaluating-threat-intelligence-platforms	mutfak-security-intel
sec-executing-active-directory-attack-simulation	mutfak-security-offensive
sec-executing-phishing-simulation-campaign	mutfak-security-offensive
sec-executing-red-team-engagement-planning	mutfak-security-offensive
sec-executing-red-team-exercise	mutfak-security-offensive
sec-exploiting-active-directory-certificate-services-esc1	mutfak-security-offensive
sec-exploiting-active-directory-with-bloodhound	mutfak-security-offensive
sec-exploiting-api-injection-vulnerabilities	mutfak-security-offensive
sec-exploiting-bgp-hijacking-vulnerabilities	mutfak-security-offensive
sec-exploiting-broken-function-level-authorization	mutfak-security-offensive
sec-exploiting-broken-link-hijacking	mutfak-security-offensive
sec-exploiting-constrained-delegation-abuse	mutfak-security-offensive
sec-exploiting-deeplink-vulnerabilities	mutfak-security-offensive
sec-exploiting-excessive-data-exposure-in-api	mutfak-security-offensive
sec-exploiting-http-request-smuggling	mutfak-security-offensive
sec-exploiting-idor-vulnerabilities	mutfak-security-offensive
sec-exploiting-insecure-data-storage-in-mobile	mutfak-security-offensive
sec-exploiting-insecure-deserialization	mutfak-security-offensive
sec-exploiting-ipv6-vulnerabilities	mutfak-security-offensive
sec-exploiting-jwt-algorithm-confusion-attack	mutfak-security-offensive
sec-exploiting-kerberoasting-with-impacket	mutfak-security-offensive
sec-exploiting-mass-assignment-in-rest-apis	mutfak-security-offensive
sec-exploiting-ms17-010-eternalblue-vulnerability	mutfak-security-offensive
sec-exploiting-nopac-cve-2021-42278-42287	mutfak-security-offensive
sec-exploiting-nosql-injection-vulnerabilities	mutfak-security-offensive
sec-exploiting-oauth-misconfiguration	mutfak-security-offensive
sec-exploiting-prototype-pollution-in-javascript	mutfak-security-offensive
sec-exploiting-race-condition-vulnerabilities	mutfak-security-offensive
sec-exploiting-server-side-request-forgery	mutfak-security-offensive
sec-exploiting-smb-vulnerabilities-with-metasploit	mutfak-security-offensive
sec-exploiting-sql-injection-vulnerabilities	mutfak-security-offensive
sec-exploiting-sql-injection-with-sqlmap	mutfak-security-offensive
sec-exploiting-template-injection-vulnerabilities	mutfak-security-offensive
sec-exploiting-type-juggling-vulnerabilities	mutfak-security-offensive
sec-exploiting-vulnerabilities-with-metasploit-framework	mutfak-security-offensive
sec-exploiting-websocket-vulnerabilities	mutfak-security-offensive
sec-exploiting-zerologon-vulnerability-cve-2020-1472	mutfak-security-offensive
sec-extracting-browser-history-artifacts	mutfak-security-forensics
sec-extracting-config-from-agent-tesla-rat	mutfak-security-forensics
sec-extracting-credentials-from-memory-dump	mutfak-security-forensics
sec-extracting-iocs-from-malware-samples	mutfak-security-forensics
sec-extracting-memory-artifacts-with-rekall	mutfak-security-forensics
sec-extracting-windows-event-logs-artifacts	mutfak-security-forensics
sec-generating-threat-intelligence-reports	mutfak-security-intel
sec-hardening-docker-containers-for-production	mutfak-security-defense
sec-hardening-docker-daemon-configuration	mutfak-security-defense
sec-hardening-linux-endpoint-with-cis-benchmark	mutfak-security-grc
sec-hardening-windows-endpoint-with-cis-benchmark	mutfak-security-grc
sec-hunting-advanced-persistent-threats	mutfak-security-detection
sec-hunting-credential-stuffing-attacks	mutfak-security-detection
sec-hunting-for-anomalous-powershell-execution	mutfak-security-detection
sec-hunting-for-beaconing-with-frequency-analysis	mutfak-security-detection
sec-hunting-for-cobalt-strike-beacons	mutfak-security-detection
sec-hunting-for-command-and-control-beaconing	mutfak-security-detection
sec-hunting-for-data-exfiltration-indicators	mutfak-security-detection
sec-hunting-for-data-staging-before-exfiltration	mutfak-security-detection
sec-hunting-for-dcom-lateral-movement	mutfak-security-detection
sec-hunting-for-dcsync-attacks	mutfak-security-detection
sec-hunting-for-defense-evasion-via-timestomping	mutfak-security-detection
sec-hunting-for-dns-based-persistence	mutfak-security-detection
sec-hunting-for-dns-tunneling-with-zeek	mutfak-security-detection
sec-hunting-for-domain-fronting-c2-traffic	mutfak-security-detection
sec-hunting-for-lateral-movement-via-wmi	mutfak-security-detection
sec-hunting-for-living-off-the-cloud-techniques	mutfak-security-detection
sec-hunting-for-living-off-the-land-binaries	mutfak-security-detection
sec-hunting-for-lolbins-execution-in-endpoint-logs	mutfak-security-detection
sec-hunting-for-ntlm-relay-attacks	mutfak-security-detection
sec-hunting-for-persistence-mechanisms-in-windows	mutfak-security-detection
sec-hunting-for-persistence-via-wmi-subscriptions	mutfak-security-detection
sec-hunting-for-process-injection-techniques	mutfak-security-detection
sec-hunting-for-registry-persistence-mechanisms	mutfak-security-detection
sec-hunting-for-registry-run-key-persistence	mutfak-security-detection
sec-hunting-for-scheduled-task-persistence	mutfak-security-detection
sec-hunting-for-shadow-copy-deletion	mutfak-security-detection
sec-hunting-for-spearphishing-indicators	mutfak-security-detection
sec-hunting-for-startup-folder-persistence	mutfak-security-detection
sec-hunting-for-supply-chain-compromise	mutfak-security-detection
sec-hunting-for-suspicious-scheduled-tasks	mutfak-security-detection
sec-hunting-for-t1098-account-manipulation	mutfak-security-detection
sec-hunting-for-unusual-network-connections	mutfak-security-detection
sec-hunting-for-unusual-service-installations	mutfak-security-detection
sec-hunting-for-webshell-activity	mutfak-security-detection
sec-implementing-aes-encryption-for-data-at-rest	mutfak-security-defense
sec-implementing-alert-fatigue-reduction	mutfak-security-detection
sec-implementing-anti-phishing-training-program	mutfak-security-defense
sec-implementing-anti-ransomware-group-policy	mutfak-security-defense
sec-implementing-api-abuse-detection-with-rate-limiting	mutfak-security-defense
sec-implementing-api-gateway-security-controls	mutfak-security-defense
sec-implementing-api-key-security-controls	mutfak-security-defense
sec-implementing-api-rate-limiting-and-throttling	mutfak-security-defense
sec-implementing-api-schema-validation-security	mutfak-security-defense
sec-implementing-api-security-posture-management	mutfak-security-defense
sec-implementing-api-security-testing-with-42crunch	mutfak-security-defense
sec-implementing-api-threat-protection-with-apigee	mutfak-security-defense
sec-implementing-application-whitelisting-with-applocker	mutfak-security-defense
sec-implementing-aqua-security-for-container-scanning	mutfak-security-grc
sec-implementing-attack-path-analysis-with-xm-cyber	mutfak-security-grc
sec-implementing-attack-surface-management	mutfak-security-grc
sec-implementing-aws-config-rules-for-compliance	mutfak-security-grc
sec-implementing-aws-iam-permission-boundaries	mutfak-security-defense
sec-implementing-aws-macie-for-data-classification	mutfak-security-defense
sec-implementing-aws-nitro-enclave-security	mutfak-security-defense
sec-implementing-aws-security-hub	mutfak-security-defense
sec-implementing-aws-security-hub-compliance	mutfak-security-grc
sec-implementing-azure-ad-privileged-identity-management	mutfak-security-defense
sec-implementing-azure-defender-for-cloud	mutfak-security-defense
sec-implementing-beyondcorp-zero-trust-access-model	mutfak-security-defense
sec-implementing-bgp-security-with-rpki	mutfak-security-defense
sec-implementing-browser-isolation-for-zero-trust	mutfak-security-defense
sec-implementing-canary-tokens-for-network-intrusion	mutfak-security-defense
sec-implementing-cisa-zero-trust-maturity-model	mutfak-security-defense
sec-implementing-cloud-dlp-for-data-protection	mutfak-security-defense
sec-implementing-cloud-security-posture-management	mutfak-security-defense
sec-implementing-cloud-trail-log-analysis	mutfak-security-defense
sec-implementing-cloud-vulnerability-posture-management	mutfak-security-grc
sec-implementing-cloud-waf-rules	mutfak-security-defense
sec-implementing-cloud-workload-protection	mutfak-security-defense
sec-implementing-code-signing-for-artifacts	mutfak-security-defense
sec-implementing-conditional-access-policies-azure-ad	mutfak-security-defense
sec-implementing-conduit-security-for-ot-remote-access	mutfak-security-defense
sec-implementing-container-image-minimal-base-with-distroless	mutfak-security-defense
sec-implementing-container-network-policies-with-calico	mutfak-security-defense
sec-implementing-continuous-security-validation-with-bas	mutfak-security-defense
sec-implementing-data-loss-prevention-with-microsoft-purview	mutfak-security-defense
sec-implementing-ddos-mitigation-with-cloudflare	mutfak-security-defense
sec-implementing-deception-based-detection-with-canarytoken	mutfak-security-defense
sec-implementing-delinea-secret-server-for-pam	mutfak-security-defense
sec-implementing-device-posture-assessment-in-zero-trust	mutfak-security-grc
sec-implementing-devsecops-security-scanning	mutfak-security-grc
sec-implementing-diamond-model-analysis	mutfak-security-intel
sec-implementing-digital-signatures-with-ed25519	mutfak-security-defense
sec-implementing-disk-encryption-with-bitlocker	mutfak-security-defense
sec-implementing-dmarc-dkim-spf-email-security	mutfak-security-defense
sec-implementing-dragos-platform-for-ot-monitoring	mutfak-security-defense
sec-implementing-ebpf-security-monitoring	mutfak-security-defense
sec-implementing-email-sandboxing-with-proofpoint	mutfak-security-defense
sec-implementing-end-to-end-encryption-for-messaging	mutfak-security-defense
sec-implementing-endpoint-detection-with-wazuh	mutfak-security-defense
sec-implementing-endpoint-dlp-controls	mutfak-security-defense
sec-implementing-envelope-encryption-with-aws-kms	mutfak-security-defense
sec-implementing-epss-score-for-vulnerability-prioritization	mutfak-security-grc
sec-implementing-file-integrity-monitoring-with-aide	mutfak-security-defense
sec-implementing-fuzz-testing-in-cicd-with-aflplusplus	mutfak-security-defense
sec-implementing-gcp-binary-authorization	mutfak-security-defense
sec-implementing-gcp-organization-policy-constraints	mutfak-security-defense
sec-implementing-gcp-vpc-firewall-rules	mutfak-security-defense
sec-implementing-gdpr-data-protection-controls	mutfak-security-grc
sec-implementing-gdpr-data-subject-access-request	mutfak-security-grc
sec-implementing-github-advanced-security-for-code-scanning	mutfak-security-grc
sec-implementing-google-workspace-admin-security	mutfak-security-defense
sec-implementing-google-workspace-phishing-protection	mutfak-security-defense
sec-implementing-google-workspace-sso-configuration	mutfak-security-defense
sec-implementing-hardware-security-key-authentication	mutfak-security-defense
sec-implementing-hashicorp-vault-dynamic-secrets	mutfak-security-defense
sec-implementing-honeypot-for-ransomware-detection	mutfak-security-defense
sec-implementing-honeytokens-for-breach-detection	mutfak-security-defense
sec-implementing-ics-firewall-with-tofino	mutfak-security-defense
sec-implementing-identity-governance-with-sailpoint	mutfak-security-grc
sec-implementing-identity-verification-for-zero-trust	mutfak-security-defense
sec-implementing-iec-62443-security-zones	mutfak-security-grc
sec-implementing-image-provenance-verification-with-cosign	mutfak-security-defense
sec-implementing-immutable-backup-with-restic	mutfak-security-defense
sec-implementing-infrastructure-as-code-security-scanning	mutfak-security-grc
sec-implementing-iso-27001-information-security-management	mutfak-security-grc
sec-implementing-just-in-time-access-provisioning	mutfak-security-defense
sec-implementing-jwt-signing-and-verification	mutfak-security-defense
sec-implementing-kubernetes-network-policy-with-calico	mutfak-security-defense
sec-implementing-kubernetes-pod-security-standards	mutfak-security-defense
sec-implementing-llm-guardrails-for-security	mutfak-security-defense
sec-implementing-log-forwarding-with-fluentd	mutfak-security-defense
sec-implementing-log-integrity-with-blockchain	mutfak-security-defense
sec-implementing-memory-protection-with-dep-aslr	mutfak-security-defense
sec-implementing-microsegmentation-with-guardicore	mutfak-security-defense
sec-implementing-mimecast-targeted-attack-protection	mutfak-security-defense
sec-implementing-mitre-attack-coverage-mapping	mutfak-security-defense
sec-implementing-mobile-application-management	mutfak-security-defense
sec-implementing-mtls-for-zero-trust-services	mutfak-security-defense
sec-implementing-nerc-cip-compliance-controls	mutfak-security-grc
sec-implementing-network-access-control	mutfak-security-defense
sec-implementing-network-access-control-with-cisco-ise	mutfak-security-defense
sec-implementing-network-deception-with-honeypots	mutfak-security-defense
sec-implementing-network-intrusion-prevention-with-suricata	mutfak-security-defense
sec-implementing-network-policies-for-kubernetes	mutfak-security-defense
sec-implementing-network-segmentation-for-ot	mutfak-security-defense
sec-implementing-network-segmentation-with-firewall-zones	mutfak-security-defense
sec-implementing-network-traffic-analysis-with-arkime	mutfak-security-defense
sec-implementing-network-traffic-baselining	mutfak-security-defense
sec-implementing-next-generation-firewall-with-palo-alto	mutfak-security-defense
sec-implementing-opa-gatekeeper-for-policy-enforcement	mutfak-security-defense
sec-implementing-ot-incident-response-playbook	mutfak-security-grc
sec-implementing-ot-network-traffic-analysis-with-nozomi	mutfak-security-defense
sec-implementing-pam-for-database-access	mutfak-security-defense
sec-implementing-passwordless-auth-with-microsoft-entra	mutfak-security-defense
sec-implementing-passwordless-authentication-with-fido2	mutfak-security-defense
sec-implementing-patch-management-for-ot-systems	mutfak-security-grc
sec-implementing-patch-management-workflow	mutfak-security-grc
sec-implementing-pci-dss-compliance-controls	mutfak-security-grc
sec-implementing-pod-security-admission-controller	mutfak-security-defense
sec-implementing-policy-as-code-with-open-policy-agent	mutfak-security-defense
sec-implementing-privileged-access-management-with-cyberark	mutfak-security-defense
sec-implementing-privileged-access-workstation	mutfak-security-defense
sec-implementing-privileged-session-monitoring	mutfak-security-defense
sec-implementing-proofpoint-email-security-gateway	mutfak-security-defense
sec-implementing-purdue-model-network-segmentation	mutfak-security-defense
sec-implementing-ransomware-backup-strategy	mutfak-security-defense
sec-implementing-ransomware-kill-switch-detection	mutfak-security-defense
sec-implementing-rapid7-insightvm-for-scanning	mutfak-security-grc
sec-implementing-rbac-hardening-for-kubernetes	mutfak-security-defense
sec-implementing-rsa-key-pair-management	mutfak-security-defense
sec-implementing-runtime-application-self-protection	mutfak-security-defense
sec-implementing-runtime-security-with-tetragon	mutfak-security-defense
sec-implementing-saml-sso-with-okta	mutfak-security-defense
sec-implementing-scim-provisioning-with-okta	mutfak-security-defense
sec-implementing-secret-scanning-with-gitleaks	mutfak-security-grc
sec-implementing-secrets-management-with-vault	mutfak-security-defense
sec-implementing-secrets-scanning-in-ci-cd	mutfak-security-grc
sec-implementing-security-chaos-engineering	mutfak-security-defense
sec-implementing-security-information-sharing-with-stix2	mutfak-security-intel
sec-implementing-security-monitoring-with-datadog	mutfak-security-defense
sec-implementing-semgrep-for-custom-sast-rules	mutfak-security-defense
sec-implementing-siem-correlation-rules-for-apt	mutfak-security-detection
sec-implementing-siem-use-case-tuning	mutfak-security-detection
sec-implementing-siem-use-cases-for-detection	mutfak-security-detection
sec-implementing-sigstore-for-software-signing	mutfak-security-defense
sec-implementing-soar-automation-with-phantom	mutfak-security-defense
sec-implementing-soar-playbook-for-phishing	mutfak-security-grc
sec-implementing-soar-playbook-with-palo-alto-xsoar	mutfak-security-grc
sec-implementing-stix-taxii-feed-integration	mutfak-security-intel
sec-implementing-supply-chain-security-with-in-toto	mutfak-security-defense
sec-implementing-syslog-centralization-with-rsyslog	mutfak-security-defense
sec-implementing-taxii-server-with-opentaxii	mutfak-security-intel
sec-implementing-threat-intelligence-lifecycle-management	mutfak-security-intel
sec-implementing-threat-modeling-with-mitre-attack	mutfak-security-defense
sec-implementing-ticketing-system-for-incidents	mutfak-security-defense
sec-implementing-usb-device-control-policy	mutfak-security-defense
sec-implementing-velociraptor-for-ir-collection	mutfak-security-defense
sec-implementing-vulnerability-management-with-greenbone	mutfak-security-grc
sec-implementing-vulnerability-remediation-sla	mutfak-security-grc
sec-implementing-vulnerability-sla-breach-alerting	mutfak-security-grc
sec-implementing-web-application-logging-with-modsecurity	mutfak-security-defense
sec-implementing-zero-knowledge-proof-for-authentication	mutfak-security-defense
sec-implementing-zero-standing-privilege-with-cyberark	mutfak-security-defense
sec-implementing-zero-trust-dns-with-nextdns	mutfak-security-defense
sec-implementing-zero-trust-for-saas-applications	mutfak-security-defense
sec-implementing-zero-trust-in-cloud	mutfak-security-defense
sec-implementing-zero-trust-network-access	mutfak-security-defense
sec-implementing-zero-trust-network-access-with-zscaler	mutfak-security-defense
sec-implementing-zero-trust-with-beyondcorp	mutfak-security-defense
sec-implementing-zero-trust-with-hashicorp-boundary	mutfak-security-defense
sec-integrating-dast-with-owasp-zap-in-pipeline	mutfak-security-defense
sec-integrating-sast-into-github-actions-pipeline	mutfak-security-defense
sec-intercepting-mobile-traffic-with-burpsuite	mutfak-security-offensive
sec-investigating-insider-threat-indicators	mutfak-security-forensics
sec-investigating-phishing-email-incident	mutfak-security-forensics
sec-investigating-ransomware-attack-artifacts	mutfak-security-forensics
sec-managing-cloud-identity-with-okta	mutfak-security-defense
sec-managing-intelligence-lifecycle	mutfak-security-intel
sec-mapping-mitre-attack-techniques	mutfak-security-intel
sec-monitoring-darkweb-sources	mutfak-security-intel
sec-monitoring-scada-modbus-traffic-anomalies	mutfak-security-detection
sec-performing-access-recertification-with-saviynt	mutfak-security-grc
sec-performing-access-review-and-certification	mutfak-security-grc
sec-performing-active-directory-bloodhound-analysis	mutfak-security-defense
sec-performing-active-directory-compromise-investigation	mutfak-security-defense
sec-performing-active-directory-forest-trust-attack	mutfak-security-offensive
sec-performing-active-directory-penetration-test	mutfak-security-offensive
sec-performing-active-directory-vulnerability-assessment	mutfak-security-grc
sec-performing-adversary-in-the-middle-phishing-detection	mutfak-security-defense
sec-performing-agentless-vulnerability-scanning	mutfak-security-grc
sec-performing-ai-driven-osint-correlation	mutfak-security-intel
sec-performing-alert-triage-with-elastic-siem	mutfak-security-detection
sec-performing-android-app-static-analysis-with-mobsf	mutfak-security-defense
sec-performing-api-fuzzing-with-restler	mutfak-security-offensive
sec-performing-api-inventory-and-discovery	mutfak-security-defense
sec-performing-api-rate-limiting-bypass	mutfak-security-defense
sec-performing-api-security-testing-with-postman	mutfak-security-defense
sec-performing-arp-spoofing-attack-simulation	mutfak-security-offensive
sec-performing-asset-criticality-scoring-for-vulns	mutfak-security-grc
sec-performing-authenticated-scan-with-openvas	mutfak-security-grc
sec-performing-authenticated-vulnerability-scan	mutfak-security-grc
sec-performing-automated-malware-analysis-with-cape	mutfak-security-forensics
sec-performing-aws-account-enumeration-with-scout-suite	mutfak-security-defense
sec-performing-aws-privilege-escalation-assessment	mutfak-security-offensive
sec-performing-bandwidth-throttling-attack-simulation	mutfak-security-offensive
sec-performing-binary-exploitation-analysis	mutfak-security-offensive
sec-performing-blind-ssrf-exploitation	mutfak-security-offensive
sec-performing-bluetooth-security-assessment	mutfak-security-offensive
sec-performing-brand-monitoring-for-impersonation	mutfak-security-intel
sec-performing-clickjacking-attack-test	mutfak-security-offensive
sec-performing-cloud-asset-inventory-with-cartography	mutfak-security-defense
sec-performing-cloud-forensics-investigation	mutfak-security-forensics
sec-performing-cloud-forensics-with-aws-cloudtrail	mutfak-security-forensics
sec-performing-cloud-incident-containment-procedures	mutfak-security-defense
sec-performing-cloud-log-forensics-with-athena	mutfak-security-forensics
sec-performing-cloud-native-forensics-with-falco	mutfak-security-forensics
sec-performing-cloud-native-threat-hunting-with-aws-detective	mutfak-security-defense
sec-performing-cloud-penetration-testing-with-pacu	mutfak-security-offensive
sec-performing-cloud-storage-forensic-acquisition	mutfak-security-forensics
sec-performing-container-escape-detection	mutfak-security-defense
sec-performing-container-image-hardening	mutfak-security-defense
sec-performing-container-security-scanning-with-trivy	mutfak-security-grc
sec-performing-content-security-policy-bypass	mutfak-security-offensive
sec-performing-credential-access-with-lazagne	mutfak-security-offensive
sec-performing-cryptographic-audit-of-application	mutfak-security-grc
sec-performing-csrf-attack-simulation	mutfak-security-offensive
sec-performing-cve-prioritization-with-kev-catalog	mutfak-security-grc
sec-performing-dark-web-monitoring-for-threats	mutfak-security-intel
sec-performing-deception-technology-deployment	mutfak-security-defense
sec-performing-directory-traversal-testing	mutfak-security-defense
sec-performing-disk-forensics-investigation	mutfak-security-forensics
sec-performing-dmarc-policy-enforcement-rollout	mutfak-security-defense
sec-performing-dns-enumeration-and-zone-transfer	mutfak-security-defense
sec-performing-dns-tunneling-detection	mutfak-security-defense
sec-performing-docker-bench-security-assessment	mutfak-security-grc
sec-performing-dynamic-analysis-of-android-app	mutfak-security-defense
sec-performing-dynamic-analysis-with-any-run	mutfak-security-defense
sec-performing-endpoint-forensics-investigation	mutfak-security-forensics
sec-performing-endpoint-vulnerability-remediation	mutfak-security-grc
sec-performing-entitlement-review-with-sailpoint-iiq	mutfak-security-grc
sec-performing-external-network-penetration-test	mutfak-security-offensive
sec-performing-false-positive-reduction-in-siem	mutfak-security-detection
sec-performing-file-carving-with-foremost	mutfak-security-forensics
sec-performing-firmware-extraction-with-binwalk	mutfak-security-forensics
sec-performing-firmware-malware-analysis	mutfak-security-forensics
sec-performing-fuzzing-with-aflplusplus	mutfak-security-offensive
sec-performing-gcp-penetration-testing-with-gcpbucketbrute	mutfak-security-offensive
sec-performing-gcp-security-assessment-with-forseti	mutfak-security-grc
sec-performing-graphql-depth-limit-attack	mutfak-security-offensive
sec-performing-graphql-introspection-attack	mutfak-security-offensive
sec-performing-graphql-security-assessment	mutfak-security-grc
sec-performing-hardware-security-module-integration	mutfak-security-defense
sec-performing-hash-cracking-with-hashcat	mutfak-security-offensive
sec-performing-http-parameter-pollution-attack	mutfak-security-offensive
sec-performing-ics-asset-discovery-with-claroty	mutfak-security-grc
sec-performing-indicator-lifecycle-management	mutfak-security-intel
sec-performing-initial-access-with-evilginx3	mutfak-security-offensive
sec-performing-insider-threat-investigation	mutfak-security-defense
sec-performing-ioc-enrichment-automation	mutfak-security-intel
sec-performing-ios-app-security-assessment	mutfak-security-grc
sec-performing-iot-security-assessment	mutfak-security-offensive
sec-performing-ip-reputation-analysis-with-shodan	mutfak-security-intel
sec-performing-jwt-none-algorithm-attack	mutfak-security-offensive
sec-performing-kerberoasting-attack	mutfak-security-offensive
sec-performing-kubernetes-cis-benchmark-with-kube-bench	mutfak-security-grc
sec-performing-kubernetes-etcd-security-assessment	mutfak-security-grc
sec-performing-kubernetes-penetration-testing	mutfak-security-offensive
sec-performing-lateral-movement-detection	mutfak-security-defense
sec-performing-lateral-movement-with-wmiexec	mutfak-security-offensive
sec-performing-linux-log-forensics-investigation	mutfak-security-forensics
sec-performing-log-analysis-for-forensic-investigation	mutfak-security-forensics
sec-performing-log-source-onboarding-in-siem	mutfak-security-detection
sec-performing-malware-hash-enrichment-with-virustotal	mutfak-security-forensics
sec-performing-malware-ioc-extraction	mutfak-security-forensics
sec-performing-malware-persistence-investigation	mutfak-security-forensics
sec-performing-malware-triage-with-yara	mutfak-security-forensics
sec-performing-memory-forensics-with-volatility3	mutfak-security-forensics
sec-performing-memory-forensics-with-volatility3-plugins	mutfak-security-forensics
sec-performing-mobile-app-certificate-pinning-bypass	mutfak-security-offensive
sec-performing-mobile-device-forensics-with-cellebrite	mutfak-security-forensics
sec-performing-network-forensics-with-wireshark	mutfak-security-forensics
sec-performing-network-packet-capture-analysis	mutfak-security-defense
sec-performing-network-traffic-analysis-with-tshark	mutfak-security-defense
sec-performing-network-traffic-analysis-with-zeek	mutfak-security-detection
sec-performing-nist-csf-maturity-assessment	mutfak-security-grc
sec-performing-oauth-scope-minimization-review	mutfak-security-defense
sec-performing-oil-gas-cybersecurity-assessment	mutfak-security-grc
sec-performing-open-source-intelligence-gathering	mutfak-security-intel
sec-performing-osint-with-spiderfoot	mutfak-security-intel
sec-performing-ot-network-security-assessment	mutfak-security-grc
sec-performing-ot-vulnerability-assessment-with-claroty	mutfak-security-grc
sec-performing-ot-vulnerability-scanning-safely	mutfak-security-grc
sec-performing-packet-injection-attack	mutfak-security-offensive
sec-performing-paste-site-monitoring-for-credentials	mutfak-security-intel
sec-performing-phishing-simulation-with-gophish	mutfak-security-offensive
sec-performing-physical-intrusion-assessment	mutfak-security-offensive
sec-performing-plc-firmware-security-analysis	mutfak-security-defense
sec-performing-post-quantum-cryptography-migration	mutfak-security-defense
sec-performing-power-grid-cybersecurity-assessment	mutfak-security-grc
sec-performing-privacy-impact-assessment	mutfak-security-grc
sec-performing-privilege-escalation-assessment	mutfak-security-offensive
sec-performing-privilege-escalation-on-linux	mutfak-security-offensive
sec-performing-privileged-account-access-review	mutfak-security-grc
sec-performing-privileged-account-discovery	mutfak-security-grc
sec-performing-purple-team-atomic-testing	mutfak-security-offensive
sec-performing-purple-team-exercise	mutfak-security-offensive
sec-performing-ransomware-response	mutfak-security-grc
sec-performing-ransomware-tabletop-exercise	mutfak-security-grc
sec-performing-red-team-phishing-with-gophish	mutfak-security-offensive
sec-performing-red-team-with-covenant	mutfak-security-offensive
sec-performing-s7comm-protocol-security-analysis	mutfak-security-defense
sec-performing-sca-dependency-scanning-with-snyk	mutfak-security-grc
sec-performing-scada-hmi-security-assessment	mutfak-security-grc
sec-performing-second-order-sql-injection	mutfak-security-offensive
sec-performing-security-headers-audit	mutfak-security-grc
sec-performing-serverless-function-security-review	mutfak-security-defense
sec-performing-service-account-audit	mutfak-security-grc
sec-performing-service-account-credential-rotation	mutfak-security-defense
sec-performing-soap-web-service-security-testing	mutfak-security-defense
sec-performing-soc-tabletop-exercise	mutfak-security-detection
sec-performing-soc2-type2-audit-preparation	mutfak-security-detection
sec-performing-sqlite-database-forensics	mutfak-security-forensics
sec-performing-ssl-certificate-lifecycle-management	mutfak-security-defense
sec-performing-ssl-stripping-attack	mutfak-security-offensive
sec-performing-ssl-tls-inspection-configuration	mutfak-security-defense
sec-performing-ssl-tls-security-assessment	mutfak-security-grc
sec-performing-ssrf-vulnerability-exploitation	mutfak-security-offensive
sec-performing-static-malware-analysis-with-pe-studio	mutfak-security-forensics
sec-performing-steganography-detection	mutfak-security-forensics
sec-performing-subdomain-enumeration-with-subfinder	mutfak-security-defense
sec-performing-supply-chain-attack-simulation	mutfak-security-offensive
sec-performing-thick-client-application-penetration-test	mutfak-security-offensive
sec-performing-threat-emulation-with-atomic-red-team	mutfak-security-offensive
sec-performing-threat-hunting-with-elastic-siem	mutfak-security-detection
sec-performing-threat-hunting-with-yara-rules	mutfak-security-defense
sec-performing-threat-intelligence-sharing-with-misp	mutfak-security-intel
sec-performing-threat-landscape-assessment-for-sector	mutfak-security-intel
sec-performing-threat-modeling-with-owasp-threat-dragon	mutfak-security-defense
sec-performing-timeline-reconstruction-with-plaso	mutfak-security-forensics
sec-performing-user-behavior-analytics	mutfak-security-detection
sec-performing-vlan-hopping-attack	mutfak-security-offensive
sec-performing-vulnerability-scanning-with-nessus	mutfak-security-grc
sec-performing-web-application-firewall-bypass	mutfak-security-offensive
sec-performing-web-application-penetration-test	mutfak-security-offensive
sec-performing-web-application-scanning-with-nikto	mutfak-security-grc
sec-performing-web-application-vulnerability-triage	mutfak-security-grc
sec-performing-web-cache-deception-attack	mutfak-security-offensive
sec-performing-web-cache-poisoning-attack	mutfak-security-offensive
sec-performing-wifi-password-cracking-with-aircrack	mutfak-security-offensive
sec-performing-windows-artifact-analysis-with-eric-zimmerman-tools	mutfak-security-defense
sec-performing-wireless-network-penetration-test	mutfak-security-offensive
sec-performing-wireless-security-assessment-with-kismet	mutfak-security-offensive
sec-performing-yara-rule-development-for-detection	mutfak-security-defense
sec-prioritizing-vulnerabilities-with-cvss-scoring	mutfak-security-grc
sec-processing-stix-taxii-feeds	mutfak-security-intel
sec-profiling-threat-actor-groups	mutfak-security-intel
sec-recovering-deleted-files-with-photorec	mutfak-security-forensics
sec-recovering-from-ransomware-attack	mutfak-security-forensics
sec-remediating-s3-bucket-misconfiguration	mutfak-security-defense
sec-reverse-engineering-android-malware-with-jadx	mutfak-security-forensics
sec-reverse-engineering-dotnet-malware-with-dnspy	mutfak-security-forensics
sec-reverse-engineering-ios-app-with-frida	mutfak-security-forensics
sec-reverse-engineering-malware-with-ghidra	mutfak-security-forensics
sec-reverse-engineering-ransomware-encryption-routine	mutfak-security-forensics
sec-reverse-engineering-rust-malware	mutfak-security-forensics
sec-scanning-container-images-with-grype	mutfak-security-grc
sec-scanning-containers-with-trivy-in-cicd	mutfak-security-grc
sec-scanning-docker-images-with-trivy	mutfak-security-grc
sec-scanning-infrastructure-with-nessus	mutfak-security-grc
sec-scanning-kubernetes-manifests-with-kubesec	mutfak-security-grc
sec-scanning-network-with-nmap-advanced	mutfak-security-grc
sec-securing-api-gateway-with-aws-waf	mutfak-security-defense
sec-securing-aws-iam-permissions	mutfak-security-defense
sec-securing-aws-lambda-execution-roles	mutfak-security-defense
sec-securing-azure-with-microsoft-defender	mutfak-security-defense
sec-securing-container-registry-images	mutfak-security-defense
sec-securing-container-registry-with-harbor	mutfak-security-defense
sec-securing-github-actions-workflows	mutfak-security-defense
sec-securing-helm-chart-deployments	mutfak-security-defense
sec-securing-historian-server-in-ot-environment	mutfak-security-defense
sec-securing-kubernetes-on-cloud	mutfak-security-defense
sec-securing-remote-access-to-ot-environment	mutfak-security-defense
sec-securing-serverless-functions	mutfak-security-defense
sec-testing-android-intents-for-vulnerabilities	mutfak-security-defense
sec-testing-api-authentication-weaknesses	mutfak-security-offensive
sec-testing-api-for-broken-object-level-authorization	mutfak-security-offensive
sec-testing-api-for-mass-assignment-vulnerability	mutfak-security-offensive
sec-testing-api-security-with-owasp-top-10	mutfak-security-offensive
sec-testing-cors-misconfiguration	mutfak-security-offensive
sec-testing-for-broken-access-control	mutfak-security-offensive
sec-testing-for-business-logic-vulnerabilities	mutfak-security-offensive
sec-testing-for-email-header-injection	mutfak-security-offensive
sec-testing-for-host-header-injection	mutfak-security-offensive
sec-testing-for-json-web-token-vulnerabilities	mutfak-security-offensive
sec-testing-for-open-redirect-vulnerabilities	mutfak-security-offensive
sec-testing-for-sensitive-data-exposure	mutfak-security-offensive
sec-testing-for-xml-injection-vulnerabilities	mutfak-security-offensive
sec-testing-for-xss-vulnerabilities	mutfak-security-offensive
sec-testing-for-xss-vulnerabilities-with-burpsuite	mutfak-security-offensive
sec-testing-for-xxe-injection-vulnerabilities	mutfak-security-offensive
sec-testing-jwt-token-security	mutfak-security-offensive
sec-testing-mobile-api-authentication	mutfak-security-offensive
sec-testing-oauth2-implementation-flaws	mutfak-security-offensive
sec-testing-ransomware-recovery-procedures	mutfak-security-defense
sec-testing-websocket-api-security	mutfak-security-offensive
sec-tracking-threat-actor-infrastructure	mutfak-security-intel
sec-triaging-security-alerts-in-splunk	mutfak-security-detection
sec-triaging-security-incident	mutfak-security-detection
sec-triaging-security-incident-with-ir-playbook	mutfak-security-detection
sec-triaging-vulnerabilities-with-ssvc-framework	mutfak-security-detection
sec-validating-backup-integrity-for-recovery	mutfak-security-defense
